<?xml version="1.0" encoding="UTF-8"?>
<beans xmlns="http://www.springframework.org/schema/beans"
	xmlns:xsi="http://www.w3.org/2001/XMLSchema-instance"
	xsi:schemaLocation="http://www.springframework.org/schema/beans http://www.springframework.org/schema/beans/spring-beans.xsd">
	
	<!-- Root Context: defines shared resources visible to all other web components -->
	
	<bean class="org.springframework.beans.factory.config.PropertyPlaceholderConfigurer">
		<property name="locations" value="classpath:mybatis/properties/myBatis.properties"></property>
	</bean>
	
	<bean class="org.springframework.jdbc.datasource.DriverManagerDataSource" id="dataSource">
		<property name="username" value="${jdbc.user}"/>
		<property name="password" value="${jdbc.pw}"/>
		<property name="url" value="${jdbc.url}"/>
		<property name="driverClassName" value="${jdbc.driver}"/>
	</bean>
	
	<bean class="org.mybatis.spring.SqlSessionFactoryBean" id="sqlSessionFactoryBean">
		<property name="dataSource" ref="dataSource"/>
		<property name="mapperLocations" value="classpath:mybatis/mappers/*Mapper.xml"/>
		<property name="configLocation" value="classpath:mybatis/config/myBatisConfig.xml"/>
	</bean>
	
	<bean class="org.mybatis.spring.SqlSessionTemplate" id="sqlSession">
		<constructor-arg name="sqlSessionFactory" ref="sqlSessionFactoryBean"></constructor-arg>
	</bean>
	
	<bean class="org.springframework.web.multipart.commons.CommonsMultipartResolver" id="multipartResolver">
		<!-- 파일 총 size -->
		<property name="maxUploadSize" value=""></property>
		<!-- 파일 당 size -->
		<property name="maxUploadSizePerFile" value=""></property>
		<property name="defaultEncoding" value="UTF-8"></property>
	</bean>
	
</beans>
