<?xml version="1.0" encoding="UTF-8"?>
<beans xmlns="http://www.springframework.org/schema/beans"
	xmlns:xsi="http://www.w3.org/2001/XMLSchema-instance"
	xsi:schemaLocation="http://www.springframework.org/schema/beans http://www.springframework.org/schema/beans/spring-beans.xsd">
	
	<!-- Root Context: defines shared resources visible to all other web components -->
	
	<!-- <bean class="com.cyj.s1.Engine" id="engine2">
		<property name="fuel" value="GAS"></property>
		<property name="hp" value="100"></property>
	</bean>
	
	<bean class="com.cyj.s1.Car" id="car2">
		<constructor-arg index="0" value="AUDI"></constructor-arg>
		<constructor-arg index="1" ref="engine2"></constructor-arg>
	</bean>
	
	<bean class="com.cyj.s1.Car" id="car3">
		<constructor-arg name="brand" value="KIA"></constructor-arg>
		<constructor-arg name="brand" ref="engine2"></constructor-arg>
	</bean>
	
	<bean class="com.cyj.s1.Car" id="car4">
		<constructor-arg type="java.lang.String" value="BENZ"></constructor-arg>
		<constructor-arg type="com.cyj.s1.Engine" ref=""></constructor-arg>
	</bean> -->
	
</beans>
