<?xml version="1.0" encoding="UTF-8"?>
<beans xmlns="http://www.springframework.org/schema/beans"
	xmlns:xsi="http://www.w3.org/2001/XMLSchema-instance"
	xmlns:context="http://www.springframework.org/schema/context"
	xsi:schemaLocation="http://www.springframework.org/schema/beans http://www.springframework.org/schema/beans/spring-beans.xsd
		http://www.springframework.org/schema/context http://www.springframework.org/schema/context/spring-context-3.1.xsd">
	
	<!-- Root Context: defines shared resources visible to all other web components -->
	
	<bean class="com.cyj.s2.QnaDAO" id="qnaDAO"></bean>
	
	<bean class="com.cyj.s2.QnaService" id="qnaService">
		<property name="qnaDAO" ref="qnaDAO"></property>
	</bean>
	
	<context:component-scan base-package="com.cyj.notice"></context:component-scan>
</beans>
