<?xml version="1.0" encoding="UTF-8"?>
<!DOCTYPE mapper
  PUBLIC "-//mybatis.org//DTD Mapper 3.0//EN"
  "http://mybatis.org/dtd/mybatis-3-mapper.dtd">
  
  <mapper namespace="animalMapper">
  	
  	<!-- getNum -->
  	<select id="getNum" resultType="java.lang.Integer">
  		select animal_seq.nextval from dual
  	</select>
  	
  	<!-- totalCount -->
  	<select id="totalCount" parameterType="Pager" resultType="java.lang.Integer">
  		select count(num) from animal where
  		<choose>
  			<when test="">
  				
  			</when>
  		</choose>
  		
  		like '%'||#{search}||'%'
  	</select>
  	
  	<!-- list -->
  	<select id="list" parameterType="Pager" resultType="AnimalDTO">
  		select * from animal order by num desc
  	</select>
  	
  	<!-- // no need????
  		 //cuz there are fname and oname in Animal Table already
  		
  		<resultMap type="AnimalDTO" id="animalResult">
  		<id property="num" column="num"/>
  		<result property="" column=""/>
  		<result property="title" column="title"/>
  		<result property="sex" column="sex"/>
  		<result property="location" column="location"/>
  		<result property="getDate" column="getDate"/>
  		<collection resultMap="fileResult" property="files" javaType="java.util.ArrayList" ofType="FileDTO">
  			
  		</collection>
  	</resultMap>
  	
  	<resultMap type="FileDTO" id="fileResult">
  		<id property="fnum" column="fnum"/>
  		<result property="num" column="num"/>
  		<result property="fname" column="fname"/>
  		<result property="oname" column="oname"/>
  		<result property="kind" column="kind"/>
  	</resultMap> -->
  	
  	<!-- select -->
  	<select id="select" resultType="AnimalDTO" parameterType="java.lang.Integer">
  		select * from animal where num = #{num}
  	</select>
  	
  	<!-- insert -->
  	<insert id="insert" parameterType="AnimalDTO">
  		insert into animal values 
  		(#{num}, #{id}, #{kind}, #{getDate}, #{location}, #{name}, 
  		#{age}, #{sex}, #{contents}, #{fname}, #{oname}, #{title})
  	</insert>
  	
  	<!-- update -->
  	<update id="update" parameterType="AnimalDTO">
  		
  	</update>
  	
  	<!-- delete -->
  	<delete id="delete" parameterType="java.lang.Integer">
  		
  	</delete>
  	
  </mapper>