<?xml version="1.0" encoding="UTF-8"?>
<!DOCTYPE mapper
  PUBLIC "-//mybatis.org//DTD Mapper 3.0//EN"
  "http://mybatis.org/dtd/mybatis-3-mapper.dtd">
  
  <mapper namespace="noticeMapper">
  
  	<select id="getNum" resultType="java.lang.Integer" >
  		select notice_seq.nextval from dual
  	</select>
  	
  	<select id="totalCount" parameterType="Pager" resultType="java.lang.Integer">
  		select count(num) from notice where 
  		<choose>
  			<when test="kind == 'writer'">
  				writer
  			</when>
  			<when test="kind == 'contents'">
  				contents
  			</when>
  			<otherwise>
  				title
  			</otherwise>
  		</choose>
  			like '%'||#{search}||'%'
  	</select>
  	
  	<select id="list" parameterType="Pager" resultType="NoticeDTO">
  		select * from
  		(select rownum R, N.* from
  		(select * from notice where 
  		<choose>
  			<when test="kind == 'contents'">
  				contents
  			</when>
  			<when test="kind == 'writer'">
  				writer
  			</when>
  			<otherwise>
  				title
  			</otherwise>
  		</choose>
  		like  '%'||#{search}||'%' order by num desc) N)
  		where R between #{startRow} and #{lastRow}
  	</select>
  	
  	<resultMap type="NoticeDTO" id="noticeResult">
  		<id property="num" column="num"/>
  		<result property="title" column="title"/>
  		<result property="writer" column="writer"/>
  		<result property="contents" column="contents"/>
  		<result property="reg_date" column="reg_date"/>
  		<result property="hit" column="hit"/>
  		<collection resultMap="fileResult" property="files" javaType="java.util.ArrayList" ofType="FileDTO">
  			
  		</collection>
  	</resultMap>
  	
  	<resultMap type="FileDTO" id="fileResult">
  		<id property="fnum" column="fnum"/>
  		<result property="num" column="num"/>
  		<result property="fname" column="fname"/>
  		<result property="oname" column="oname"/>
  		<result property="kind" column="kind"/>
  	</resultMap>
  	
  	<select id="select" resultMap="noticeResult" parameterType="java.lang.Integer">
 		select n.*, f.fnum, f.fname, f.oname, f.kind
		from notice n left join files f
 		on n.num=f.num and f.kind='n' where n.num=#{num}
  	</select>
  	
  	<insert id="insert" parameterType="NoticeDTO">
  		insert into notice values(#{num}, #{title}, #{writer}, #{contents}, sysdate, 0) 
  	</insert>
  	
  	<update id="update" parameterType="NoticeDTO">
  		update notice set title=#{title}, contents=#{contents} where num=#{num}
  	</update>
  	
  	<delete id="delete" parameterType="java.lang.Integer" >
  		delete notice where num=#{num}
  	</delete>
  	
  </mapper>