<?xml version="1.0" encoding="UTF-8"?>
<!DOCTYPE configuration
  PUBLIC "-//mybatis.org//DTD Config 3.0//EN"
  "http://mybatis.org/dtd/mybatis-3-config.dtd">
  
<configuration>
	<typeAliases>
		<typeAlias type="com.cyj.board.BoardDTO" alias="BoardDTO"/>
		<typeAlias type="com.cyj.board.notice.NoticeDTO" alias="NoticeDTO"/>
		<typeAlias type="com.cyj.board.qna.QnaDTO" alias="QnaDTO"/>
		<typeAlias type="com.cyj.util.Pager" alias="Pager"/>
		<typeAlias type="com.cyj.board.member.MemberDTO" alias="MemberDTO"/>
		<typeAlias type="com.cyj.file.FileDTO" alias="FileDTO"/>
	</typeAliases>
</configuration>