<?xml version="1.0" encoding="UTF-8"?>
<beans xmlns="http://www.springframework.org/schema/beans"
	xmlns:xsi="http://www.w3.org/2001/XMLSchema-instance"
	xmlns:aop="http://www.springframework.org/schema/aop"
	xmlns:context="http://www.springframework.org/schema/context"
	xmlns:tx="http://www.springframework.org/schema/tx"
	xsi:schemaLocation="http://www.springframework.org/schema/beans http://www.springframework.org/schema/beans/spring-beans.xsd
		http://www.springframework.org/schema/context http://www.springframework.org/schema/context/spring-context-4.3.xsd
		http://www.springframework.org/schema/aop http://www.springframework.org/schema/aop/spring-aop-4.3.xsd
		http://www.springframework.org/schema/tx http://www.springframework.org/schema/tx/spring-tx-4.3.xsd">
	
	<!-- Root Context: defines shared resources visible to all other web components -->
	
	
<!-- 	//advice
	<bean class="com.cyj.trans.CardCheck" id="cardCheck"></bean>
	
	<bean class="com.cyj.trans.Transport" id="transport"></bean>
	
	<bean class="com.cyj.trans.Trip" id="t"></bean>
	
	<aop:config>
		<aop:aspect id="cardAspect" ref="cardCheck">
			//target
			<aop:pointcut expression="execution(* com.cyj.trans..Transport.*(..))" id="trans"/>
			<aop:around method="check" pointcut-ref="trans"/>
		</aop:aspect>
		
		<aop:aspect id="trip" ref="cardCheck">
			<aop:pointcut expression="execution(* com.cyj.trans..Trip.*())" id="p"/>
			<aop:before method="packing" pointcut-ref="p"/>
		</aop:aspect>
	</aop:config> -->
	
	
	
	
	<bean class="org.springframework.beans.factory.config.PropertyPlaceholderConfigurer" id="propertyPlaceholderConfigurer">
		<property name="locations" value="classpath:myBatis/properties/myBatis.properties"></property>
	</bean>
	
	<bean class="org.springframework.jdbc.datasource.DriverManagerDataSource" id="dataSource">
		<property name="username" value="${jdbc.user}" />
		<property name="password" value="${jdbc.pw}" />
		<property name="url" value="${jdbc.url}" />
		<property name="driverClassName" value="${jdbc.driver}" />
	</bean>
	
	<bean class="org.mybatis.spring.SqlSessionFactoryBean" id="sqlSessionFactoryBean">
		<property name="dataSource" ref="dataSource"></property>
		<property name="mapperLocations" value="classpath:myBatis/mappers/*Mapper.xml" />
		<property name="configLocation" value="classpath:myBatis/config/myBatisConfig.xml"></property>
	</bean>
	
	<bean class="org.mybatis.spring.SqlSessionTemplate" id="sqlSession">
		<constructor-arg name="sqlSessionFactory" ref="sqlSessionFactoryBean"></constructor-arg>
	</bean>
	
	<bean class="org.springframework.web.multipart.commons.CommonsMultipartResolver" id="multipartResolver">
		<!-- 파일 당 size -->
		<property name="maxUploadSizePerFile" value="10485760"></property>
		<property name="defaultEncoding" value="UTF-8"></property>
	</bean>
	
	<bean class="org.springframework.jdbc.datasource.DataSourceTransactionManager" id="transactionManager">
		<property name="dataSource" ref="dataSource"/>
	</bean>
	
	<tx:advice id="txAdvice" transaction-manager="transactionManager">
		<tx:attributes>
			<tx:method name="*" rollback-for="Exception"/>
		</tx:attributes>
	</tx:advice>
	
	<aop:config>
		<aop:pointcut expression="execution(* com.cyj..*Service.*(..))" id="roll"/>
		<aop:advisor advice-ref="txAdvice" pointcut-ref="roll"/>
	</aop:config>
	
	<tx:annotation-driven proxy-target-class="true"/>
	
	<aop:aspectj-autoproxy/>
	
	<context:component-scan base-package="com.cyj.trans"/>
	
</beans>
