<?xml version="1.0" encoding="UTF-8"?>
<!DOCTYPE mapper
  PUBLIC "-//mybatis.org//DTD Mapper 3.0//EN"
  "http://mybatis.org/dtd/mybatis-3-mapper.dtd">
  
  <mapper namespace="fileMapper">
  <!-- insert -->
  <insert id="insert" parameterType="FileDTO">
  	insert into files values (files_seq.nextval, #{num}, #{fname}, #{oname}, #{kind})
  </insert>
  
  <!-- deleteAll -->
  <delete id="deleteAll" parameterType="java.lang.Integer">
  	delete files where num=#{num} and kind=#{kind}
  </delete>
  
  <!-- delete -->
  <delete id="delete" parameterType="java.lang.Integer">
  	delete files where fnum=#{fnum}
  </delete>
  
  <!-- select -->
  <select id="select" parameterType="java.lang.Integer" resultType="FileDTO">
  	select * from files where fnum=#{fnum}
  </select>
  
  <!-- list -->
  <select id="list" parameterType="java.lang.Integer" resultType="FileDTO">
  	select * from files where num=#{num} and kind=#{kind}
  </select>
  	
  </mapper>