<?xml version="1.0" encoding="UTF-8"?>
<!DOCTYPE mapper
  PUBLIC "-//mybatis.org//DTD Mapper 3.0//EN"
  "http://mybatis.org/dtd/mybatis-3-mapper.dtd">
  
  <mapper namespace="memberMapper">
  	<insert id="join" parameterType="MemberDTO">
  		insert into member values (#{id}, #{pw}, #{name}, #{email}, #{phone}, #{address}, #{grade})
  	</insert>
  	
  	<select id="idCheck" parameterType="java.lang.String">
  		select * from member where id=#{id}
  	</select>
  	
  	<select id="login" parameterType="MemberDTO">
  		select * from member where id=#{id} and pw=#{pw}
  	</select>
  	
  	<update id="update" parameterType="MemberDTO">
  		update member set pw=#{pw}, name=#{name}, phone=#{phone}, address=#{address} where id=#{id}  
  	</update>
  	
  	<delete id="delete" parameterType="java.lang.String">
  		delete member where id=#{id}
  	</delete>
  	
  </mapper>