<?xml version="1.0" encoding="UTF-8"?>
<!DOCTYPE mapper
  PUBLIC "-//mybatis.org//DTD Mapper 3.0//EN"
  "http://mybatis.org/dtd/mybatis-3-mapper.dtd">
  
  
  <mapper namespace="qnaMapper">
  	
  	<update id="replyUpdate" parameterType="QnaDTO">
  		update qna set step=step+1 where ref=#{ref} and step>#{step}
  	</update>
  	
  	<insert id="reply" parameterType="QnaDTO">
  		insert into qna values 
  		(
  			qna_seq.nextval #{title}, #{writer} #{contents}, sysdate, 0,
  			#{ref}, #{step}, #{depth}
  		)
  	</insert>
  	
  	<select id="totalCount" parameterType="Pager" resultType="java.lang.Integer">
  		select count(num) from qna where 
  		<choose>
  			<when test="kind == 'contents'">
  				contents
  			</when>
  			<when test="kind == 'writer'">
  				writer
  			</when>
  			<otherwise>
  				title
  			</otherwise>
  		</choose>
  		like '%'||#{search}||'%'
  	</select>
  	
  	<select id="list" parameterType="Pager" resultType="QnaDTO">
  		select * from 
  		(select rownum R, Q.* from 
  		(select * from qna where 
  		<choose>
  			<when test="kind == 'writer'">
  				writer
  			</when>
  			<when test="kind == 'contents'">
  				contents
  			</when>
  			<otherwise>
  				title
  			</otherwise>
  		</choose>
  		like '%'||#{search}||'%' order by ref desc, step asc) Q)
  		where R between #{startRow} and #{lastRow}
  	</select>
  	
  	<select id="select" parameterType="java.lang.Integer" resultType="QnaDTO">
  		select * from qna where num = #{num}
  	</select>
  	
  	<insert id="insert" parameterType="BoardDTO">
  		insert into qna values 
  		(qna_seq.nextval, #{title}, #{writer}, #{contents}, sysdate, 0, qna_seq.currval, 0, 0)
  	</insert>
  	
  	<update id="update" parameterType="BoardDTO">
  		update qna set title=#{title}, contents=#{contents} where num=#{num}
  	</update>
  	
  	<delete id="delete" parameterType="java.lang.Integer">
  		delete qna where num=#{num} <!-- QnaDTO로 받아오는게 아니라서 변수 하나 정해주면 됨. num이라고 할거면 num으로 받아오면 됨 -->
  	</delete>
  	
  </mapper>